"Frontal_Inf_Orb_2_R","OFClat_R","Parietal_Inf_R","SupraMarginal_R","Caudate_R","Thalamus_R","Temporal_Pole_Mid_L","C1orf63","CEP350","CMTM2","CNBP","CREB5","DCUN1D1","DNAJC7","KIAA0556","LCOR","LDHB","LOC100008589","LOC338758","LOC388789","LOC645688","LPP","NACA","RGS19","SELPLG","TCEAL4"
0.257827962022801,0.263443201968544,0.240558196727773,0.297520444086199,0.356843183659484,0.23233882023738,0.251396678159062,9.289399,8.51723,10.563853,9.373999,10.04522,6.966388,7.646383,7.178253,8.071272,8.543249,10.876407,9.484612,7.822943,10.774824,10.197134,12.4869,8.702492,8.499137,7.655474
0.231398080979247,0.188577768426192,0.248017446997002,0.296458949067185,0.367810022645404,0.248946486253005,0.399635481261354,8.807306,8.776951,10.461626,9.349241,9.889693,8.637103,7.349782,6.744132,8.45445,8.544593,11.072737,9.212063,8.12529,10.824943,10.268692,12.275505,8.859787,8.009998,7.474283
0.244008831985465,0.197390072471217,0.258551895155813,0.224960273325548,0.304782840149414,0.189185650165264,0.468487606826876,9.350841,8.758211,11.398518,9.029753,10.088815,7.364298,7.326385,7.75432,8.430067,7.849701,8.87082,9.904927,7.506814,10.070936,10.685526,11.73777,9.628011,9.166936,7.496856
0.247762998114511,0.220882536235609,0.263657814743577,0.248036998499848,0.352537419147034,0.257946495643029,0.461472930822911,9.462339,8.834941,11.703068,9.460463,11.013056,8.020842,6.938994,8.041574,8.585475,7.238066,7.962691,10.331861,7.485363,9.762503,10.670097,11.63743,9.683548,9.742544,7.114418
0.260264620732677,0.255187088815789,0.292900684715539,0.332714127905575,0.421945433081024,0.226995027982272,0.489097497128721,9.378022,8.829039,10.587365,9.393788,10.503927,6.847084,7.585374,7.861631,8.334893,7.686694,10.114311,9.385702,7.908285,10.006961,10.683797,12.1342,9.540158,8.718749,7.456567
0.272595657080364,0.256192723324424,0.264221589338036,0.337191304201802,0.347561063914927,0.221669241098257,0.555002364984366,8.9279,8.724055,10.544412,9.141001,9.897796,7.735479,7.301779,7.601487,8.134371,8.134791,9.894999,9.357714,7.785852,10.083985,10.475651,12.0823,8.802208,9.042197,7.498195
0.293196469338955,0.239833100971423,0.234871505173568,0.263773788640529,0.310268532091397,0.2302686720628,0.533378963566413,8.878559,9.009549,9.127489,9.012491,8.935641,7.895612,7.76233,7.235031,8.262794,9.043135,10.310956,9.251,8.040881,10.670215,10.338999,12.29126,9.078083,8.676519,8.007372
0.258776153092951,0.204881222373561,0.28181436201757,0.299143419484403,0.308126241758585,0.201867464505709,0.430039995938723,9.445196,8.699844,10.107375,8.894607,10.179061,7.412671,7.30373,7.854049,8.379741,7.113842,8.755057,9.897414,7.269246,9.939656,10.967711,11.784045,9.821781,9.453703,7.34539
0.299098864856653,0.282379311009457,0.317040325876572,0.285343930414324,0.390768382546277,0.302127286470853,0.56420553856685,9.152173,8.302007,10.672982,8.975731,10.613661,8.020998,6.764604,7.600619,7.872764,7.460319,12.107259,10.15416,7.122805,10.095987,10.49136,11.55246,9.489621,9.013468,6.971986
0.306037037056307,0.23565140573602,0.445472961255239,0.479956356095679,0.341245607112103,0.307667330228365,0.600022462575112,9.091249,8.705212,10.532828,9.260376,9.859355,8.075993,7.51363,7.332737,8.380926,8.989645,10.63555,9.44823,7.887452,11.126213,10.616529,12.104435,8.775043,8.474966,7.627957
0.219901831275806,0.180148395739104,0.234647355883509,0.287405992941882,0.307041885574976,0.182375957782452,0.48406480903263,9.19616,8.694694,10.466837,9.267622,9.941706,8.183078,7.310576,7.419211,7.704897,8.239382,12.076035,9.368348,7.574387,10.790978,10.46068,11.90111,9.095766,9.1903,6.941438
0.241653450512162,0.245180872866982,0.251171302736194,0.325423790664269,0.347206510512529,0.280795616736779,0.512363150241056,9.850845,8.749611,9.717736,8.840903,10.776039,7.890106,7.31688,7.882562,8.578895,7.518917,11.310537,9.475198,7.284176,9.699609,10.731811,11.849325,9.435561,9.217589,7.297317
0.247615970698963,0.230214667069285,0.298383862585135,0.295042572828828,0.385338230799064,0.241721520057091,0.495182589621035,9.234138,8.692726,9.817087,8.582465,9.870632,7.261328,7.541414,7.201937,8.061706,8.035745,11.747546,9.587575,7.525387,10.630613,10.386719,12.10735,8.986754,8.991786,7.687121
0.247018122076036,0.223429196006373,0.238891298376378,0.271031832148369,0.255803038806137,0.1782470703125,0.41551431108947,8.545633,8.83876,10.550915,8.859922,9.642361,8.306283,6.781806,7.214721,8.29934,7.495726,11.261821,9.241595,7.23784,10.848295,10.599857,12.081935,9.099297,8.950004,6.837774
0.232016756995663,0.231045628597862,0.276492782351172,0.289594350878734,0.331042747513607,0.182198122464693,0.447250135921779,9.102321,8.467537,10.125867,9.00649,10.255259,7.547479,7.033227,7.439888,8.386738,7.682983,10.643698,9.583416,7.621975,10.099597,10.707656,11.9417,9.029714,9.49902,7.512577
0.326848952263419,0.274588109066612,0.231028583174868,0.298090724507757,0.410812538413376,0.220076974722055,0.595090794656582,9.198313,8.722101,9.904999,8.900824,9.951641,7.18269,7.123428,7.573767,8.008401,7.700049,10.212382,9.249745,7.089842,10.214579,10.595119,12.069925,9.236456,8.94322,7.485048
0.311676724514684,0.213501859966077,0.304401387046191,0.331369336109733,0.406139638577382,0.26016592172476,0.48902527162521,9.087864,8.848203,10.538954,9.147749,10.085187,7.870073,7.391847,7.865364,8.527575,8.047022,11.398046,9.910213,7.459213,10.402822,10.778689,11.949195,9.014284,9.088631,7.22644
0.275989530438366,0.224008387515419,0.24773976640722,0.287426526374077,0.275353469816536,0.235026479867788,0.474190589900521,8.660637,8.815695,10.115587,8.897454,10.150146,7.819357,7.752078,7.127938,8.06881,7.702537,10.658572,9.576444,7.737616,10.049961,10.651027,11.89497,8.802918,9.120705,7.517203
0.295154992227041,0.266049049778988,0.276378481183057,0.409133103789476,0.354259986861393,0.340101083608774,0.516958118351296,8.055532,8.430547,10.545646,8.521899,10.09808,7.055629,7.794205,7.747762,8.111608,8.611897,10.675603,9.769644,7.414757,10.172251,10.610164,11.84639,9.448484,9.517238,7.961907
0.288790622034413,0.33830466822574,0.209861549299276,0.260064503503224,0.456013655030632,0.279753136268029,0.468424388188234,8.386679,8.764995,11.131454,8.760074,10.774424,7.927001,6.711538,7.280541,8.129313,7.667226,12.165664,9.626448,7.918915,10.678552,10.772742,12.0226,9.397294,9.458534,7.294979
0.247351913167621,0.226522361353824,0.268714201298607,0.272747571295952,0.288571856430111,0.231986295259916,0.399944819305915,9.245942,8.508662,10.093161,9.086356,10.118318,7.082557,7.583531,7.179076,8.145176,7.924369,10.542676,9.3123,7.8463,10.186097,10.57844,12.21433,9.253631,9.201844,7.585614
0.288066914822106,0.28054154245477,0.228550188217945,0.321263738830674,0.38279036608974,0.282148742675781,0.420318859392468,9.023621,8.479379,9.657924,8.664321,9.448283,7.273082,7.672296,7.332287,7.849514,8.140118,10.049895,9.339339,7.30023,10.627805,10.461738,12.228495,8.95422,9.007664,7.603109
0.289323029393647,0.273122590717516,0.283723525029834,0.29840448503982,0.37673961750138,0.274603881835937,0.553684053373044,9.43244,8.774324,10.21998,9.175394,10.100654,7.603591,7.280743,7.407243,8.154961,7.720391,10.089678,9.398821,7.422065,10.220775,10.695033,11.933085,9.171507,8.963903,7.534527
0.20953832513548,0.183676854183799,0.305081035586774,0.254822638509976,0.330224973993939,0.195167295015775,0.456078705806316,8.845968,8.967113,9.827956,8.948308,9.457238,7.752179,7.322187,7.197399,8.147379,7.95609,10.275526,9.525189,7.828334,10.713157,10.585854,12.22776,8.752873,8.425401,7.250224
0.194889741307189,0.161138385973479,0.210827860318515,0.193271670602196,0.322228213042635,0.186147848275992,0.416562280287084,9.009598,8.241126,11.398599,9.847431,10.449464,6.974818,7.941395,6.947945,8.314719,9.525484,7.048639,8.848882,8.279723,11.145183,10.153294,12.67447,8.574136,8.847001,8.570151
0.340619257427494,0.292372565018503,0.379060723329323,0.386459296763048,0.441141053915124,0.294405259352464,0.662992252458601,8.541383,8.383423,11.096131,9.534067,9.784876,7.017479,7.960113,6.905601,7.903486,8.951858,7.445873,9.002332,7.994073,10.940345,10.163831,12.58073,8.604038,8.411289,8.113618
0.267851466248502,0.267456215306332,0.283344542376931,0.338157236681203,0.424561034745412,0.302237337552584,0.604587168984069,8.348266,8.299541,11.35482,9.68861,9.733284,7.026357,8.011506,7.007475,7.72661,9.247519,6.68183,8.984231,8.059057,10.987337,9.881005,12.44965,8.558336,8.433965,8.511343
0.300173759968534,0.305312114514803,0.318813017235525,0.339604614903687,0.419903618375644,0.299465496356671,0.508955484798596,8.643423,8.469315,11.557068,10.031111,9.366217,7.228386,7.938594,7.085066,8.16707,9.538662,5.900865,9.355565,8.425735,11.301185,9.960108,12.623065,8.885022,8.684108,8.569457
0.286431387249434,0.281031365645559,0.265702407206855,0.316241740339437,0.430282932998856,0.257663057767428,0.465988406527302,8.591556,8.168848,11.660815,9.671487,9.43263,7.256876,7.661943,7.021704,7.700748,8.916932,7.396419,9.465754,8.254417,10.902133,9.990871,12.315965,9.033547,8.704793,8.079775
0.254038416964613,0.294172556023849,0.296164407525807,0.298656726009631,0.461961822445572,0.315049884502704,0.465640550488663,8.175371,8.240365,11.354205,9.720897,9.68509,6.628975,7.535416,6.914555,7.532718,8.829872,8.093964,8.79569,8.08491,11.091003,9.942337,12.56328,8.681223,7.730006,8.486346
0.27316636993457,0.205176664653577,0.348101516718896,0.340229606292025,0.372205837764909,0.318787442720853,0.5209746000952,8.438597,8.223358,11.485871,9.859637,10.057495,7.024259,8.036997,6.964623,7.973707,9.282001,7.223577,8.675372,8.055923,10.654717,10.135267,12.71115,8.626932,8.509116,8.194644
0.244675617492383,0.196301124974301,0.228396605497856,0.303590454962729,0.378666756982607,0.291572852501502,0.461343457140424,8.570481,8.250309,10.919,9.585788,9.640003,7.076763,7.935444,6.981462,7.811296,9.257803,7.422195,8.917866,7.972227,11.2998,10.109717,12.49609,8.551354,8.623065,8.415458
0.199249056215037,0.211934766267475,0.230333983768628,0.217301424218233,0.35761319723358,0.208805377666767,0.446094834917814,8.701916,8.531053,11.411725,9.499802,10.058995,6.6801,7.966187,7.069573,7.890906,8.937722,8.662342,9.026498,8.291344,10.408861,10.300014,12.38299,9.156073,8.343794,8.074461
0.258706582119697,0.254567244680304,0.256815358741947,0.270977686321925,0.413799127009821,0.271311668982873,0.496896248013031,8.95657,8.577413,11.314073,9.597344,9.965821,6.795207,7.772825,7.454609,8.136339,8.99793,9.075364,8.944932,8.350208,10.657465,10.158842,12.42903,8.915716,8.820996,8.083871
0.313196945393663,0.283992791426809,0.307295620719012,0.333791312296765,0.328062116071663,0.283189204289363,0.565880201327994,8.663613,8.435086,11.890869,9.669957,9.909254,7.067332,8.074227,7.31857,7.610683,8.915712,9.003545,8.448396,8.12177,10.696031,9.813373,12.59982,8.648834,8.194816,8.480496
0.278678198983584,0.271942138671875,0.292623439955808,0.300103942763448,0.376371711856134,0.217896235539363,0.38063041640101,9.265675,8.596211,10.978035,9.279723,10.211766,7.433398,7.300112,7.521155,8.238017,8.364728,9.33726,9.810399,7.901343,10.738775,10.57323,12.10262,9.140612,8.591118,7.635383
0.227457492606844,0.192197924162212,0.22794904593391,0.31387905006476,0.391779429781171,0.295575725848858,0.537998495853567,8.953221,8.183403,11.277597,9.667243,9.723475,7.21286,7.769584,7.021936,7.848021,9.244709,7.479874,9.100006,7.927646,10.875942,9.979979,12.544805,8.674796,8.559001,8.345379
0.267394369183288,0.252068754497327,0.284703744712434,0.306161520552593,0.394126035106949,0.285860196627103,0.495272487685159,8.610608,8.436757,11.293204,9.623374,9.065983,7.314674,7.608344,6.888944,7.875072,9.114752,7.404461,8.957984,7.965681,10.625099,10.203525,12.5498,8.891512,8.680733,8.271352
0.212324041855354,0.173620011179071,0.211452783764019,0.286332091746927,0.365179399707812,0.209217200646034,0.46894098647551,8.733228,8.385667,11.206418,9.476584,9.583666,7.143753,7.907998,7.019404,7.641904,8.544249,8.031298,8.877981,7.716539,10.805299,10.019685,12.37271,9.005864,8.344478,8.218981
0.333461462721014,0.275514108758224,0.298632494154572,0.33531568416212,0.422127049261149,0.278664949857272,0.533505605545172,8.824608,8.417231,12.078699,9.870468,10.402325,7.072433,7.963525,7.295531,8.097786,8.90523,5.676202,8.609629,8.143544,10.674364,10.069464,12.40212,9.07465,8.864529,7.956238
0.331522970550163,0.346727455540707,0.270776113269123,0.356733372602513,0.450649186047276,0.321821899414062,0.614582264336745,8.331795,8.321345,11.89856,9.710417,9.26541,6.956899,7.942087,7.021946,7.894044,8.668451,6.388984,8.966472,8.068645,10.795345,10.242075,12.419175,8.625537,8.376832,8.028421
0.335995803694809,0.25836326197574,0.290439950350241,0.361335929318921,0.365974114931176,0.278370243952825,0.607531799691692,8.951886,8.639192,10.197546,8.965028,9.728483,7.025136,7.460758,6.752029,7.855434,8.459602,10.264331,9.568894,7.343986,10.594848,10.518142,12.28507,9.15212,8.839421,8.032749
0.321504587814664,0.293573158665707,0.328799551223902,0.326348144961833,0.413916241586033,0.280809114896334,0.59139054257354,9.299252,8.606054,10.833266,9.283554,9.518858,7.406283,7.358162,7.447848,8.222901,8.820676,8.065919,9.35172,7.571371,10.37026,10.49131,12.057735,9.385265,9.215581,8.020569
0.32328224893447,0.286763916015625,0.326317366440449,0.368379730816661,0.36848585155264,0.274923283503606,0.585096654577453,8.978328,8.541507,11.265863,9.141591,10.555843,6.950658,7.631744,7.633056,7.957904,8.223108,10.108746,9.414014,7.730644,10.070898,10.368763,12.17942,9.293271,8.780042,7.77893
0.28391593888394,0.321466996042352,0.278630812987523,0.275218418666295,0.279487760717948,0.207851139948918,0.487751004947771,8.81029,8.768586,10.816049,8.783943,9.486453,8.059516,7.4523,7.926284,8.370804,7.345555,10.76529,9.925575,7.357282,9.821866,10.836688,11.70496,9.371157,8.95305,7.405071
0.267317920780334,0.250086573550576,0.236870752362426,0.295777497468171,0.31781010994853,0.271227205716647,0.538835247246629,8.915346,8.568145,9.915816,8.946039,9.814108,7.374252,7.527407,7.941887,8.01959,7.243724,9.991505,9.448429,7.39984,9.901826,10.62528,12.06816,9.477464,9.20493,7.566554
0.245698435991193,0.229456000077097,0.2671348289909,0.280836667123085,0.378596837449385,0.31311042198768,0.467934776378651,8.781406,8.727915,10.128684,8.782391,9.854764,7.882629,7.404691,7.457508,8.324545,7.725333,9.998264,9.815142,7.34676,9.996715,10.526991,11.77484,9.001582,9.289568,7.718198
0.258160257314073,0.225680927477385,0.239712705378279,0.265409224037561,0.270550642386674,0.272373352050781,0.398657758786333,9.361715,8.538699,10.847087,9.330302,9.989702,7.141406,7.460349,7.115881,7.983387,8.69474,10.187607,9.344566,7.780364,10.875138,10.430242,12.137815,9.225977,9.328024,7.510986
0.281977869439265,0.220371334678248,0.268673915442603,0.308349151880443,0.354845354323333,0.29420177753155,0.531637090487877,9.241214,8.828364,10.214959,8.913745,10.383292,7.05814,7.652441,7.928662,8.107143,7.968596,9.571512,9.440777,7.283114,9.80389,10.844003,12.229665,9.331623,9.618993,7.618908
0.245700777243857,0.202164708187706,0.265154777273411,0.316805265988412,0.320926369364943,0.253299818772536,0.600006427626293,9.447523,8.775204,11.220049,9.384076,10.578406,7.227509,7.403918,7.978583,8.458963,8.224003,9.240011,9.952554,7.709518,10.142596,10.741604,11.93595,9.519752,9.083271,7.400574
0.256075046642956,0.247993533485814,0.272947058548878,0.218448295795098,0.349096777261582,0.316057434082031,0.535581244377533,8.694529,8.640131,10.268083,8.806404,9.827932,7.428814,7.631766,7.745459,8.224395,8.193922,11.647881,9.789845,7.696607,10.500361,10.447104,12.293835,8.635872,9.446416,6.992594
0.21483893742508,0.173493459601151,0.216850785282375,0.205713208180046,0.292998895255969,0.235116084172175,0.3409853701221,9.268107,8.692133,9.609147,9.245686,10.051165,7.012458,7.499843,7.765458,8.360745,8.477399,10.854464,9.612956,7.508129,10.133762,10.455555,12.46224,9.154863,9.136091,7.547583
0.262974897088938,0.190350743343956,0.220048697754967,0.234118264818948,0.415589816840095,0.299122549203726,0.471806977700094,8.953743,8.519082,9.814927,8.755093,9.991773,7.006387,7.527797,7.920841,7.970805,8.040079,10.613406,9.217171,7.47707,10.151428,10.679488,12.077385,8.908165,8.949566,8.044722
0.294089819817195,0.21950045936986,0.301561158401409,0.367036150035825,0.324783601227256,0.234982604980469,0.359052254008874,8.407662,8.71526,9.801429,8.278761,9.334333,8.022111,7.090837,7.320537,8.084843,7.889363,12.064515,9.513532,7.082042,10.653181,10.397652,11.913115,8.931291,9.024047,7.363718
0.255725045628413,0.222540170769942,0.240801977319253,0.25810621150587,0.376184266908459,0.299247882549579,0.403733434192024,9.462294,8.698485,10.07356,9.180532,10.151319,8.255404,7.376544,7.576513,8.471792,8.183314,10.937654,9.461498,7.572684,10.6445,10.389818,12.264255,9.079881,8.993435,7.387484
0.27211311515113,0.197717959755345,0.254773153869383,0.301781656039875,0.34986178374461,0.27116217980018,0.457903926501799,7.325705,7.546374,8.43,8.485447,8.004418,7.024277,6.657199,6.288276,6.833057,8.381758,12.554425,8.112761,6.78158,9.564405,9.085404,11.330545,7.660081,7.361848,6.14018
0.260177213966561,0.22445945338199,0.207511781054748,0.221829597701892,0.367108593380246,0.292570401705228,0.459872199410896,8.900854,8.235948,11.244472,9.646878,9.778326,7.035311,7.748448,7.385161,7.863962,8.976511,7.271202,9.012972,8.286515,11.329928,10.125485,12.57027,9.113788,8.733501,8.406015
0.24998057085463,0.18404351485403,0.239532878109477,0.283942490027695,0.298996003776425,0.237919147198017,0.441870410592946,8.689093,8.293891,11.525468,9.865309,9.651083,6.773184,8.005987,7.063338,7.761092,9.078012,7.88829,8.501946,8.154951,10.980563,9.87373,12.60285,8.841333,8.166608,8.463667
0.300316738968017,0.270711188065378,0.306735749645879,0.369147783444252,0.432930092175668,0.38603032038762,0.641921033267538,8.706331,8.397991,11.081105,9.358106,9.484824,7.331969,7.903087,7.459399,7.794906,9.027303,8.044213,9.382791,7.839589,10.647116,10.347277,12.41119,8.916282,8.902307,7.935686
0.387154320547666,0.326921643708882,0.373702742379114,0.432517534420814,0.463293965443574,0.353382145808293,0.632079532254402,8.822002,8.272857,11.528059,9.701132,9.964534,6.836661,7.910536,7.193655,7.975805,9.051045,8.892653,9.10457,8.213221,11.059201,10.439083,12.390475,8.798649,8.549612,8.20464
0.297025490518447,0.262023090563322,0.256251830486214,0.340263918383832,0.343862133162534,0.316764268141526,0.540967417802805,8.973569,8.237083,10.779718,9.315841,9.187653,6.706649,7.89114,7.154178,7.707243,9.423558,6.839694,8.778033,8.050534,11.200829,9.670406,12.651105,8.362679,8.131931,8.598967
0.304846314972363,0.278993080540707,0.278881680554612,0.347480249152612,0.402782910402753,0.364579725999099,0.531551422920888,8.188224,8.034916,11.720199,9.733545,8.682935,6.604739,7.871618,7.17038,7.865615,9.160907,6.362016,8.443146,8.189705,10.599893,9.797606,12.5282,8.966552,8.313346,7.62661
0.291509629312067,0.201510652240954,0.242214635157948,0.288223643361786,0.376754818516315,0.296656259390024,0.469817245253109,7.730104,8.630976,11.509264,8.854236,8.954353,6.522405,7.806289,7.131218,7.894521,9.147188,6.938385,9.678042,7.627423,10.709442,10.214585,12.492295,8.705888,9.41021,8.26252
0.230393992501748,0.18973687422903,0.312809344590432,0.305530985406677,0.313000760461585,0.245277029184195,0.466368161879018,8.760452,8.485302,11.811476,9.550111,9.925742,7.010971,7.758238,7.369363,7.894411,8.8674,6.959789,9.029734,8.087224,10.661308,10.22043,12.367795,9.085034,8.586466,8.004534
0.321109111218867,0.279855796412418,0.236094633787547,0.282088372232212,0.346922313158985,0.318355971116286,0.547588862274665,8.760229,8.131269,11.247218,9.55941,9.826884,6.737833,7.683396,7.237969,7.712255,8.76416,7.122823,8.800619,8.083653,11.276717,10.402932,12.33197,8.806129,8.734253,8.08887
0.295901006374451,0.247140968724301,0.282832119931941,0.317609299217372,0.388425757215963,0.321360379732572,0.498447407551356,8.624214,8.791099,9.831303,8.840072,9.604952,7.040274,7.636377,7.312463,7.918352,8.223502,12.093075,9.943983,7.466829,10.51459,10.474392,12.31057,8.964655,8.915991,7.531122
0.249110811748718,0.17224908126028,0.284993950678894,0.328867648223931,0.276521945130088,0.257648550180288,0.520762427017101,8.628309,8.260389,11.768867,9.680892,9.506978,7.241215,7.663939,6.936716,8.048362,8.777872,6.174452,9.519469,8.027828,11.400494,10.02345,12.496375,8.794812,8.629035,8.332754
0.309094160239495,0.276488454718339,0.299690537924946,0.288740558388792,0.403657302567575,0.296805748572716,0.567191757790665,8.942034,8.276777,11.545201,9.941853,10.379325,6.94848,7.824046,7.046884,8.174288,8.998467,7.131236,9.241989,8.300341,10.970629,10.323878,12.595175,9.014049,8.770733,8.05102
0.267627762808213,0.221833656712582,0.223455353872778,0.283707149445064,0.316817524757112,0.204717759352464,0.443949972870231,8.415733,8.398577,10.122288,8.79717,9.955555,7.510498,7.650888,8.152932,8.0282,8.094626,11.808915,9.575669,7.20064,10.50999,10.42929,12.136455,8.978841,9.611117,7.416977
0.213697755597155,0.192431720934416,0.224512336491724,0.25252388982756,0.353916115253274,0.238121713491587,0.363451254574396,9.29029,8.391582,10.179024,9.31914,9.912321,7.633077,7.45114,7.422851,8.145446,8.539861,9.728679,9.385633,7.377408,10.416621,10.193278,12.44177,9.240172,9.251024,7.679887
0.195297054235898,0.190934351870888,0.19933401757388,0.281168915817557,0.218005021881245,0.201209622896635,0.434345618515057,9.52577,9.027367,10.210119,9.441024,10.583111,8.008785,7.15383,7.704981,8.710069,8.999942,10.71937,9.613679,7.930523,10.32357,10.542101,12.64304,9.178024,9.08592,7.522184
0.28539557805008,0.221991785952919,0.206726964827984,0.272576602888696,0.321380422653949,0.218933410644531,0.501702945681509,9.371605,8.509635,10.409051,9.224611,10.39694,6.947739,7.43924,7.751266,8.122654,8.659273,9.026695,9.782262,7.417636,10.286211,10.70411,12.2654,9.36637,9.342065,8.298802
0.289763575103223,0.240304452996505,0.2712842911084,0.288962201046145,0.42729888646403,0.258408437875601,0.485731249617891,9.124128,8.545605,9.275285,9.059501,9.438249,7.856678,7.391938,7.487789,8.362797,8.540527,10.647016,9.969678,7.107497,10.256354,10.215479,12.426195,9.22425,8.623348,8.035096
0.215200221976766,0.180391090794613,0.138764725749961,0.187002891796186,0.293382797915242,0.141152601975661,0.464487603551652,9.196615,8.51971,9.21015,9.164724,9.731634,7.10468,7.795591,7.31134,8.00911,8.630433,9.62086,9.415542,7.415456,10.293822,10.266447,12.368105,8.863231,9.157835,8.0189
0.275396543166456,0.279656179327714,0.308639910087124,0.344024954229015,0.361640721546987,0.278662766676683,0.525172003825461,9.037123,8.511908,10.211255,9.429887,9.904765,7.076112,7.633647,7.585362,8.397349,8.872966,9.024916,9.598769,7.74366,10.70817,10.644865,12.52436,9.172836,8.882482,7.549088
0.240526576339405,0.207439607319079,0.269909702077189,0.282891759586502,0.406444608939511,0.223307870718149,0.475547999493432,9.329058,8.859079,10.225305,9.244241,10.093742,6.926804,7.541147,7.828878,8.29844,8.395288,9.726125,9.702871,7.620215,10.442174,10.8051,12.63294,9.006991,9.442474,8.258745
0.255563060209735,0.198469720137747,0.291845350671133,0.323740802744709,0.370322221459889,0.2624366408128,0.57056953681788,8.180593,7.894052,9.126811,8.689331,9.052687,6.972313,6.881489,6.852072,7.231215,8.519018,9.109021,7.580838,7.26868,8.979893,9.302589,11.449395,7.990061,7.055527,6.302169
0.250125029395728,0.241061802914268,0.27177522523697,0.266911340138269,0.465627937493427,0.222630263108474,0.536436794189317,8.88419,8.932583,10.306326,9.303403,9.924207,7.848352,7.346691,7.182761,8.345565,8.318916,10.973792,9.561361,8.034869,10.803796,10.30586,12.181625,8.878154,8.381601,7.537541
0.271274426419111,0.24294089869449,0.297563990462977,0.382478475150187,0.415607996432281,0.281854177621695,0.717388871663639,8.284448,8.709961,11.23957,8.842432,9.87591,7.794042,7.847987,7.452208,8.219271,8.768771,12.707632,9.412637,7.983573,10.614728,10.216302,12.24371,9.130327,8.800403,7.998005
0.305124533830581,0.279133204409951,0.317024010673364,0.280394081505939,0.445541901803087,0.256375896747296,0.589737919337794,8.935684,8.642571,10.68399,9.220437,10.198238,6.621742,7.778654,8.078608,8.136733,8.537121,11.807562,9.571512,7.765297,10.39252,10.467133,12.38757,9.145383,8.862094,7.551494
0.246658040668079,0.261700519762541,0.271442421620324,0.323619808889991,0.343509325822662,0.297776489257813,0.574275657009852,8.773581,8.390625,10.195605,9.002061,8.835181,7.853044,7.671009,7.556597,8.219792,8.553784,12.052095,9.554913,7.732165,11.036139,10.555277,12.57271,9.058882,8.983947,7.471187
0.283295409375832,0.290162482010691,0.276863313690915,0.38252150655003,0.422300422999053,0.266212862454928,0.552783332769267,8.932263,8.585272,9.378735,9.130251,9.42746,7.171152,8.06229,7.617884,8.256637,8.787321,9.49341,9.920053,7.863064,10.658854,10.811681,12.481605,9.480896,8.978735,8.25984
0.309384573122003,0.287448666221217,0.290773170847805,0.301399863375978,0.461288253148664,0.296424630972055,0.557277690104894,9.45321,8.520843,10.396795,9.483501,9.887908,7.048257,7.552728,7.586434,8.257718,9.081377,8.565836,9.857902,8.086149,10.796235,10.563213,12.69135,9.324967,8.879057,8.537308
0.235002602042197,0.224656580874794,0.278903339413226,0.306938884539999,0.390208410023138,0.240116882324219,0.560799886022219,9.406429,8.575499,9.579692,9.423604,9.57687,7.231116,7.683196,7.215708,7.989493,9.087764,8.921765,9.743982,7.850633,10.646751,10.508971,12.37716,8.850838,8.697507,8.199596
0.274778907706779,0.278932302374589,0.263307009450918,0.316630045572917,0.343723963126446,0.209193044809195,0.406773080500629,9.017437,8.331571,10.040912,8.925117,9.752025,7.450105,7.547815,7.620982,7.649873,8.641774,12.649682,9.463718,7.262308,10.553168,10.309966,12.370865,8.765813,9.021907,7.49433
0.293162293553543,0.307045416581003,0.286381084035917,0.338067863773837,0.347004609194231,0.262962975135216,0.601029457360956,8.95927,8.466479,9.895988,9.100309,9.558647,7.536435,7.586442,7.21744,8.159864,9.197677,11.030897,9.346598,7.472937,11.093286,10.104863,12.52205,8.700312,8.856347,8.010334
0.273393048716785,0.210360251978824,0.307239057558066,0.313923803797054,0.47001224914217,0.279839219313401,0.546940640939422,9.575379,8.350584,10.326061,8.923996,9.98847,7.360955,7.716796,7.968479,8.185469,8.55408,8.726491,9.259657,7.751891,10.408704,10.337807,12.290405,9.562013,9.390945,8.137388
0.332624334824104,0.30340287057977,0.305245874091654,0.354375741679412,0.411543753451041,0.294590125450721,0.568933357933902,9.360248,8.7367,10.278313,9.098841,9.944842,7.16806,7.499863,7.958382,7.991359,8.072374,11.603407,9.339491,7.432776,10.262171,10.483685,12.284095,8.774245,8.950387,7.558475
0.304585297817744,0.305529014185855,0.306306892875854,0.339672700858411,0.325849418335218,0.257301917442909,0.536898600715309,9.278934,8.667127,11.23227,9.594803,10.511534,7.837831,7.633025,7.685123,8.377721,8.722239,12.160641,9.659223,8.147826,10.985401,10.505928,12.34089,8.968955,8.91814,7.882976
0.250690019187866,0.247984779759457,0.224756211828867,0.267876115425554,0.348373342473115,0.227079397348257,0.446250578622834,9.287205,9.030684,9.798795,9.397049,9.683898,7.104216,7.726012,7.652563,8.408988,9.164921,10.228392,9.494922,7.685055,10.53269,10.366604,12.42332,8.938461,8.95798,7.512459
0.321441666649324,0.323379034745066,0.255234091520976,0.366467753415385,0.400214401071795,0.258731877253606,0.617534605466566,8.204941,8.521084,9.60517,8.3269,8.983979,7.128763,7.679773,7.364466,8.199715,8.986779,9.056534,9.699489,7.630368,10.410111,10.352894,12.270065,9.04214,8.662848,8.271413
0.344436995069842,0.347492579409951,0.282879170628299,0.333359437434551,0.374756372922802,0.260785757211538,0.577298210745354,8.697142,8.63392,10.179297,9.225279,10.042243,6.693113,7.276798,7.397121,8.322128,8.993053,8.265865,9.652236,8.096708,10.683038,10.611307,12.69006,8.868317,9.23451,8.04636
0.312537102351242,0.31482322291324,0.277150525694418,0.358602237869613,0.408384946599245,0.25671389066256,0.532356957339121,9.036052,8.453649,10.31926,9.149313,9.616863,7.969501,7.361911,7.212609,8.175967,9.007277,10.371992,9.572475,7.466121,10.716066,10.168168,12.182795,8.513284,9.17311,7.573447
0.282919768392881,0.285734895405016,0.215115347918203,0.276797178561095,0.471501640477098,0.27021230844351,0.50074531806788,9.074165,8.738466,11.065884,9.271746,10.799478,7.435411,7.463256,7.641044,8.18874,8.235589,11.581309,9.323547,7.408389,10.268778,10.252006,12.012895,9.381603,9.660223,7.028551
0.19667177601704,0.159792641087582,0.237854951362882,0.278252684039834,0.403599451407696,0.199141024076022,0.485366266889236,9.369985,8.792174,11.392898,9.423979,10.095717,8.330731,6.890495,7.185016,8.139347,8.534965,12.776812,9.457576,8.234354,11.022812,10.62656,11.9894,9.373814,9.268861,7.759367
0.249001910982452,0.246005666632401,0.259954358361146,0.316161409677442,0.343971210715647,0.244695434570313,0.424368195722995,9.069054,8.342866,10.590849,9.449558,9.848403,7.526025,7.392966,7.254928,7.984258,8.406302,9.273745,9.317599,7.75548,10.621983,10.474787,12.2704,9.11696,8.89945,7.901768
0.272101994200977,0.249649160284745,0.256482820413158,0.267478714123815,0.295742087871726,0.241757249098558,0.44161801367515,9.085287,9.000334,10.698342,9.221623,9.700771,7.491874,7.455717,7.5294,8.499543,8.343427,12.501567,9.416868,8.194226,10.4485,10.229522,12.44223,9.361452,9.132077,8.109644
0.350676238314548,0.289939767937911,0.298683713660111,0.327132209898934,0.396638875856187,0.250792729304387,0.507028732171866,9.13129,8.553146,10.55261,9.135363,10.340806,7.123844,7.228611,7.551812,8.119627,8.503363,9.44143,9.082406,7.635213,10.576392,10.372574,12.06329,9.1453,9.102426,8.007472
0.20295099940272,0.207212540475946,0.222783379730916,0.282823377605889,0.415342209767433,0.184616288405198,0.373944900367698,8.54995,7.840258,9.491958,8.868102,9.174335,6.634163,6.656608,6.818542,7.037999,9.003334,11.822455,7.85964,6.951326,9.241261,8.993948,11.54229,7.530952,8.061787,6.325381
0.261063231771527,0.269918598375822,0.210621238976153,0.273699859672964,0.330325269879641,0.198304161658654,0.501233906370092,8.796078,8.819047,9.695036,9.118746,9.214945,7.243608,7.591045,7.561246,8.257458,8.85014,10.870872,9.462434,7.609153,10.815503,10.067685,12.312095,9.104525,8.292904,8
0.220010325574595,0.196787013003701,0.274250360943079,0.256779584935103,0.389980959701699,0.241534470778245,0.429040029236829,8.914477,8.690259,9.717794,9.057737,10.076578,7.260464,7.558809,7.672305,8.491826,8.044528,10.217691,9.856609,7.449824,10.211242,10.624403,12.245585,9.346915,9.046005,7.388012
0.224098364088722,0.232296383506373,0.215210927343265,0.258558243040055,0.294572457075621,0.186724583552434,0.378089900520542,8.938542,9.116001,10.119467,8.657727,9.887707,8.059855,7.137697,7.77327,8.681659,7.870096,13.497285,10.24343,7.481553,10.374757,10.670727,12.20722,9.492805,9.599427,7.472795
0.256361102194118,0.235671659770765,0.220864761101463,0.250016415981178,0.390778756211874,0.252903677133413,0.40713686913735,9.250096,8.657361,10.08218,9.121194,10.645218,7.829774,7.285159,7.620775,8.207321,7.948031,9.86946,9.230877,7.492441,10.255072,10.600323,12.13874,9.316408,9.475639,7.634461
0.262979530818169,0.239796479877673,0.259993943099241,0.269966219678337,0.40082624192292,0.292872690054087,0.440968564131061,8.970696,8.401128,10.421993,9.029104,10.198119,7.523374,7.308686,7.195301,8.225592,8.70013,10.028793,9.355426,7.694131,10.732814,10.510501,12.29876,8.694936,9.180839,7.712094
0.226345462626324,0.190231917531867,0.272057624160781,0.21822620909891,0.34237389731016,0.19691885141226,0.40786714164687,9.290362,8.708878,10.522868,9.212601,10.250066,7.139229,7.40703,7.648878,8.094399,8.368072,10.262713,9.543904,7.576148,10.41653,10.372618,12.46646,9.358243,9.069195,7.88705
0.271020384246387,0.251289415861431,0.320251029013699,0.376547434973338,0.487997771613378,0.258373037484976,0.492983856968802,9.308024,8.36679,10.892792,9.43733,10.090606,7.167627,7.391055,7.342116,7.847989,9.111696,10.71455,9.272477,7.742483,10.590879,10.427702,12.36922,8.911087,8.77097,7.292598
0.21125986122615,0.25293656198602,0.211293307863678,0.185757914548198,0.389475859761188,0.211383526141827,0.400989137993904,9.24761,8.51983,10.186792,9.266989,9.995465,7.241488,7.620693,7.60839,8.29173,9.163816,11.482847,9.141926,7.967505,10.601949,10.644937,12.54304,8.637357,9.058576,7.954304
0.281298613510172,0.2432007317794,0.267227547096932,0.345491224285576,0.310206161710862,0.249751962515024,0.51354178721309,9.931325,8.611502,11.285978,9.586204,10.099726,7.468468,7.347009,7.915032,8.234941,8.979838,8.621472,9.987223,7.922453,10.750902,10.267155,12.581845,9.299002,8.708837,7.859929
0.245104359386446,0.22862449244449,0.259122396692361,0.231062766315655,0.378969056896166,0.238583491398738,0.425640688320989,9.009857,8.767414,10.670177,9.196408,9.928084,7.79518,7.236902,7.379663,8.092053,8.030522,8.904861,9.904593,7.980542,10.769401,10.57767,11.98658,9.259016,9.173426,7.883413
0.268969056704099,0.278154200503701,0.256535082120993,0.345597470668678,0.421369514898638,0.225295973557692,0.446488748788167,9.824428,8.197161,10.004862,9.200028,10.321865,7.200961,7.459679,7.471256,8.282637,8.755838,7.462974,9.547562,7.56736,10.297097,10.606717,12.51869,9.286838,9.238628,7.917509
0.293278770873568,0.268153027986225,0.242074089441119,0.291744063981206,0.363652082867717,0.206158963716947,0.481406248635323,9.494221,8.613631,10.855771,9.092441,10.399361,7.727773,7.137148,7.912367,8.257679,8.007539,10.488765,9.469643,7.669291,10.054548,10.726148,11.900445,9.55513,9.200792,7.433693
0.218757966762537,0.201923025030839,0.204069765855421,0.23925810852589,0.328912653941089,0.179404836801382,0.387676377613628,9.154621,9.148522,10.700951,8.935848,10.661057,8.17501,7.007652,7.60925,8.520226,8.032082,10.478477,9.666841,7.371066,10.577598,10.659835,12.059535,9.284243,9.117955,7.630222
0.27155246643164,0.274480847810444,0.26418731035708,0.294645306084312,0.359022911627051,0.1995311326247,0.343106009161892,9.524237,9.103509,10.844508,9.335748,10.422103,8.405962,7.247337,8.006802,8.756115,9.111862,8.583721,10.493192,8.067082,10.644344,10.698688,12.2107,9.436091,9.994236,7.480372
0.235647828514168,0.188735463995683,0.266270634847485,0.276049282605476,0.337952866993584,0.216488060584435,0.482318807807696,9.211627,8.752303,10.057926,9.335783,9.959229,7.968807,7.432486,7.348957,8.151086,8.469105,9.388553,9.853564,7.547086,10.343388,10.18353,12.2295,9.066189,8.738397,7.895449
0.267395247153037,0.235378257349918,0.238083136818195,0.307411449506379,0.325238270773625,0.30295663686899,0.463262431111131,7.542961,8.293963,10.983851,8.207487,8.918601,6.592257,8.043215,7.823473,8.024497,8.81457,9.173645,10.271375,8.098336,10.69861,9.99497,12.13038,8.690069,9.870783,7.415479
0.272369937561393,0.308215267783717,0.23203353147557,0.233511519390019,0.321199525440747,0.211932584322416,0.338960872541399,8.025558,9.084615,9.640067,8.593039,9.564183,6.903694,7.822351,7.536409,8.426051,9.124701,8.967789,9.721813,8.032917,10.384533,10.513358,12.41884,8.75255,9.373956,7.626974
0.260272587495213,0.212117405941612,0.285937788026816,0.308127589957424,0.373516873948254,0.265226628230168,0.441078557056578,8.958254,8.48335,10.287833,8.89228,10.048132,7.890559,7.780241,7.671376,8.688461,9.073979,11.344474,9.541792,7.323941,10.246567,10.423026,12.402115,8.71355,9.23884,8.051848
0.311348331311185,0.250299200760691,0.304798655612096,0.311399375740603,0.558570178155895,0.305246887207031,0.423960908022988,8.758371,8.663297,10.913265,8.886948,9.770662,8.540222,7.177853,7.079739,8.091325,8.250397,13.039979,8.819136,7.61379,11.188029,10.136969,12.15822,8.683926,8.834193,7.081484
0.271854244144787,0.249816316303454,0.304669081443069,0.326853568802014,0.386746815387371,0.308946157602163,0.536785707852239,8.577306,8.556257,10.440189,8.938237,9.820732,7.390908,8.025981,7.08192,7.98686,8.909617,12.226254,9.122172,8.001867,10.864329,10.439248,12.610545,8.535687,8.267457,7.743318
0.298011255442112,0.233924158999794,0.241440771529853,0.322131309980228,0.432330576471787,0.286175537109375,0.60436711489921,8.35784,8.474779,11.086821,8.924891,9.177348,7.132402,7.878124,7.426778,7.985805,8.686503,11.014969,8.900166,8.04879,10.760043,10.166514,12.13581,8.787156,9.017194,7.604181
0.273119837537876,0.249987632349918,0.277951941361378,0.351152853990989,0.4048268820089,0.294980116624099,0.55070516928539,9.192156,8.562105,10.889462,9.271705,9.323264,6.919554,7.378576,7.397854,8.096332,8.979685,9.268041,8.735757,8.111855,10.671763,10.523926,12.563915,9.01236,8.864651,8.132037
0.222695384688624,0.216496790835732,0.196815128320494,0.250103259212756,0.378879571191694,0.185848506047175,0.402465410909551,8.634303,8.571744,10.775038,8.72764,9.706919,8.000059,7.43928,7.338679,7.579778,8.120485,12.596076,9.442297,7.118797,10.579579,10.302854,12.061105,8.704967,9.089721,7.431427
0.286758674861398,0.238590971294202,0.296185081029523,0.350635535292314,0.448493312375105,0.284464064378005,0.528648210144896,9.074434,8.311203,11.092762,9.284899,10.048526,7.804868,7.461344,7.290564,8.16971,8.469533,10.5325,9.302765,7.966762,10.280544,10.037231,12.25092,8.902017,8.845934,7.601356
0.275594118877364,0.210225332159745,0.250311068961503,0.226510076506007,0.346637627935028,0.263433391864483,0.49749169048482,8.826961,8.54755,10.18858,8.68356,9.019346,7.277102,7.568291,7.400872,7.776431,8.255146,10.271837,9.053599,7.487806,10.742839,10.178581,12.118105,8.632061,8.835863,8.19394
0.348105900581047,0.323798346268503,0.290472940790176,0.331858586171737,0.363894888268432,0.390665494478666,0.579111388170766,9.031102,8.368921,10.56178,9.286767,9.78883,6.993545,7.403505,7.174966,7.949488,8.558723,10.337535,9.062118,7.670673,10.741799,10.581225,12.64335,9.046987,8.977257,7.705414
0.281095347254595,0.227257577996505,0.262869909808192,0.315712768985271,0.364929943863063,0.279640479454627,0.503051211941902,9.434581,8.395754,10.299277,9.339531,10.50929,6.969205,7.450655,7.370002,8.175819,8.438666,9.744402,9.298197,7.622461,10.202224,10.392401,12.27945,9.069641,9.261451,7.308751
0.271650961630511,0.255704361765008,0.283350246065857,0.369139306339217,0.453961004466633,0.279979154146635,0.469975957129507,8.937134,8.698577,10.662258,9.027575,10.656613,7.388878,7.289051,7.343769,8.101328,8.35097,10.522965,9.711373,7.90101,10.627841,10.228999,12.290005,9.289157,9.04646,7.768245
0.343170539965703,0.281671303196957,0.323371306889844,0.340355444206763,0.409913701373186,0.296087693434495,0.554805783335226,8.700755,8.469677,10.782185,8.478226,9.832865,7.903986,7.486752,7.896008,8.09054,8.371599,9.632875,9.651591,7.570676,10.237744,10.68976,12.02298,9.292876,9.462561,7.739689
0.291041866540274,0.289931383634868,0.277233484997138,0.289512943758956,0.389802373453605,0.305049015925481,0.512641203076963,9.059368,8.372735,10.429345,9.337476,10.118906,7.379531,7.384023,6.949011,7.742803,8.355415,9.520393,9.435276,7.89727,10.63618,10.000642,12.034445,9.058596,8.670463,7.717512
0.300656740882642,0.312189812911184,0.281805380128696,0.378427226286927,0.432023115402819,0.252117426945613,0.602558236204758,8.272553,8.782738,11.075139,9.320966,9.969794,7.319776,7.777861,7.32947,8.246315,9.08302,12.534148,9.398099,8.054543,11.038694,10.417332,12.436685,9.16725,8.565565,7.558411
0.317066905977374,0.325420853464227,0.245233345683115,0.295194945427896,0.429600813131048,0.240077890249399,0.497683427532403,9.403796,8.542189,11.240223,9.308662,9.95637,7.627381,7.26994,7.108999,7.865087,8.656328,9.876314,9.211869,7.897375,10.760227,10.191484,12.330215,9.066678,8.518565,8.015974
0.156380037075037,0.119671695106908,0.148890194778892,0.157053629557292,0.273916049519155,0.169834688626803,0.29414203061679,8.652677,8.339576,10.052022,8.579223,10.247972,6.766631,7.027816,7.72804,8.156521,7.686436,11.045943,10.057634,7.433786,10.240062,10.439755,11.9184,8.853512,9.835678,7.320094
0.199995688193011,0.194084536903783,0.266616949195708,0.270967433061549,0.342550557753997,0.22813974233774,0.340446732309426,9.171186,8.724384,9.86003,9.055927,10.250904,7.492082,7.561274,7.534486,8.107672,8.619484,11.16205,9.714244,7.831593,10.042777,10.527377,12.40043,9.387153,8.987425,8.032561
0.247444051215162,0.215692508095189,0.248513516340519,0.295131595887415,0.400187876327829,0.186515761155349,0.506978341492279,9.636868,8.570476,10.096548,9.274889,10.004914,7.420754,7.064815,7.694334,8.09193,8.528156,10.245722,9.439232,7.43524,10.488464,10.531875,12.055985,8.993402,8.689321,7.657888
0.294975398637287,0.195610030324836,0.266386660386671,0.341909526306906,0.367839628676181,0.26837637094351,0.461162978673927,9.505224,8.557179,10.530369,9.52797,9.90886,7.494174,7.224271,7.328592,8.064373,8.619349,8.33097,9.436012,7.892051,10.443959,10.382107,12.226335,9.457559,9.302486,7.482159
0.239725900445775,0.195217815198396,0.248079960185598,0.33065798589582,0.407369431498475,0.264662663386418,0.561349611831418,9.044527,8.696114,11.106501,9.356271,10.156372,8.244438,7.282583,7.705381,8.310143,8.785337,10.74817,9.81552,7.564396,10.704569,10.244032,12.32452,8.923798,9.241653,7.415914
0.224354129683546,0.259785300806949,0.21101780642415,0.312497900907325,0.324853495083088,0.258316791240986,0.476076197530918,8.670015,8.555531,10.934755,8.963404,10.443627,7.884563,7.338943,7.775038,8.26803,8.407916,10.985806,9.979979,7.810574,10.674887,10.369039,12.0354,9.289649,9.527737,7.367591
0.314541117079282,0.233562622070313,0.319374896916718,0.395510395998677,0.378298877014751,0.293670818622296,0.465088095326474,9.459248,9.124781,10.927532,9.521763,10.712711,7.848775,7.73569,7.81557,8.851797,8.884644,10.719567,10.090769,7.987373,10.356437,10.726203,12.619335,9.248925,8.84448,7.67871
0.236253367501748,0.236370239257813,0.258824156293659,0.248011863210634,0.332765726066207,0.237866445688101,0.523541693050412,8.402902,8.649137,9.894496,8.248603,9.671083,7.201673,7.703975,7.729343,8.219822,8.39382,12.129542,9.996812,7.277829,10.747572,10.298742,12.269635,8.854662,9.036047,7.282049
0.240645037220715,0.205418990285773,0.245749046328052,0.289684288926436,0.373423819086559,0.244299598106971,0.491572440303591,7.968703,8.43432,10.392377,8.285806,10.051777,7.12843,7.215759,7.714952,8.210784,8.0181,10.717639,10.048509,7.412565,10.406142,10.210845,11.9296,9.325239,9.992012,7.048756
0.269297384872802,0.206415421335321,0.2263816873763,0.289672905385389,0.322552980672526,0.208237633338341,0.431858154433343,8.353663,8.504228,10.660611,8.432589,10.117114,7.116204,7.803918,7.39977,7.912536,8.061749,12.020639,9.692766,7.670543,10.467426,10.211211,12.077465,9.133883,9.310682,7.49878
0.221400883328616,0.163500253777755,0.238379122270112,0.250379720482666,0.352423848050655,0.202728341909555,0.47536199408713,8.175225,7.824493,8.579307,8.508178,8.743071,7.518196,6.771292,6.171268,7.023763,8.956465,11.126079,8.369922,6.730137,9.309262,8.828258,11.69915,7.807303,7.832681,6.656527
0.310506618461141,0.267346207468133,0.258852409450433,0.317079951102982,0.427243526010991,0.252765667255108,0.471091750748934,7.929817,7.700521,8.997378,8.735379,8.516948,6.676305,6.621583,6.180388,6.855533,8.609145,11.751224,8.236152,7.071092,9.129254,9.057047,11.71134,8.278224,7.5938,6.063206
0.23615051497153,0.240332609477796,0.291992301194796,0.332484546372079,0.413883246139764,0.251501793494591,0.42812579833575,8.64584,8.329043,10.344407,9.049546,9.255858,6.774332,7.44972,6.98167,7.886372,8.466331,10.477928,9.25604,8.007447,10.563675,10.534086,12.251735,8.999929,8.321941,7.277212
0.240595887173473,0.214160830849095,0.249382675156687,0.27666574306589,0.345533294741928,0.283213665301983,0.492323626480401,7.759746,7.589688,9.292764,8.582221,9.27478,8.283728,6.699593,6.579782,6.985761,8.767382,12.332525,8.041387,7.096435,9.195031,9.378497,11.68364,7.640862,8.116418,6.39468
0.28837443185602,0.246339641370271,0.285495268932154,0.333292266468943,0.388561898738234,0.299069542518029,0.520329073996035,8.419036,8.040825,11.238027,9.756943,9.19461,6.995858,7.805922,7.072269,7.802805,9.442094,6.870246,8.817519,8.055973,11.082762,9.919046,12.65915,8.568608,8.422641,7.881399
0.2672617794925,0.275001541940789,0.29886494316473,0.325371501727499,0.370809193162994,0.243984750600962,0.509068718830789,8.0231,8.425769,10.62671,8.011219,9.46181,7.439565,7.361459,6.710978,7.824625,8.187698,12.463586,9.98234,7.60138,10.98984,10.076215,12.22259,8.591167,9.125711,7.010401
0.3172091695941,0.268442222193668,0.257818980603365,0.334481456292369,0.386191926987471,0.231123352050781,0.591964116104493,8.54881,8.730524,10.458335,9.134847,10.069542,7.808594,7.25375,7.547774,7.87672,8.516045,10.774923,9.682588,7.417117,10.433913,10.440468,12.165175,9.183825,8.890878,7.247204
0.249330027788068,0.20656254818565,0.271615825133159,0.321363364998415,0.391026440316707,0.265013357309195,0.52390643696068,7.8868,8.75494,10.723921,9.121747,8.994574,7.088648,7.629448,7.137422,7.755175,8.948876,8.851386,9.235837,7.614061,10.873972,10.177977,12.517485,8.297651,9.025212,7.609421
0.241089354948472,0.238535461425781,0.286648191009683,0.3420872225753,0.313942247646719,0.176681847205529,0.410327073380293,9.543843,8.654724,10.376312,9.255843,10.310566,7.64569,7.368099,7.842161,8.615027,8.695307,10.581892,9.921633,7.958217,10.432626,10.373491,12.203195,8.93151,9.582367,7.456188
0.246175433704049,0.25008161042866,0.193248181489638,0.239248931723297,0.285851773465437,0.228500507061298,0.507904683897254,8.943134,8.223018,11.015689,8.890458,10.572858,7.495269,7.245786,7.939885,8.184486,7.69807,12.079315,9.696594,7.461756,10.753344,10.107467,12.07754,9.204816,9.100389,7.554251
0.28136846088131,0.224539987664474,0.19601526648241,0.277373029651675,0.320825303157538,0.240835524338942,0.429756825565959,9.231635,8.514386,9.898548,8.968964,10.486164,7.068717,7.134288,7.899919,8.214816,7.649517,10.624053,9.809676,7.217203,10.184568,10.634228,11.973275,9.22489,9.362124,7.852264
0.250681158196882,0.300805021587171,0.221185967848931,0.273585647502273,0.287190875036154,0.166795865572416,0.404555378845113,8.997886,8.963617,10.241623,9.209649,10.032276,7.061219,7.995141,7.516405,8.267073,8.436894,9.084796,9.530062,7.834289,10.444402,10.6566,12.20467,9.076106,8.71936,8.21198
0.269525218022651,0.279267899362664,0.239740996433318,0.258344404701623,0.320893348241284,0.266373502291166,0.44531679873096,9.232435,8.358492,10.650608,8.79194,10.500977,6.496774,7.086919,7.7279,7.899947,8.444648,11.103124,9.526893,7.567337,10.584601,10.527401,12.28094,9.099972,8.924524,7.920432
0.289452025911944,0.27192482396176,0.201284754983167,0.273321296382413,0.261019760086901,0.210134582519531,0.573842576924085,9.176718,8.559372,10.254653,9.020303,9.972037,7.186437,7.50995,7.865278,8.203412,8.61239,11.198187,9.878679,7.732754,10.434179,10.683546,12.36048,8.812083,9.562316,7.442652
0.245324794828225,0.229324838738692,0.277882777027224,0.310565390073854,0.363038444599285,0.290763268103966,0.450642926390442,8.506787,8.494517,11.61906,9.985701,9.922342,6.833188,8.165407,7.572698,8.089178,9.627263,6.157157,8.627026,8.126227,10.452041,10.069446,12.61923,8.437223,8.556207,8.291344
0.303375618090703,0.307005229749178,0.320800250674286,0.345781141277764,0.448019924011359,0.326075322077825,0.702838076766874,8.353876,8.539895,11.188997,9.660374,9.47692,6.825622,8.046315,6.739098,7.694819,9.624327,7.429858,8.839114,8.220273,11.145751,9.895809,12.638395,8.349995,8.020713,8.709402
0.245313982793354,0.209807466205798,0.228914352649119,0.254291083657132,0.313152308417911,0.255069908728966,0.443840252880013,8.12883,8.405276,11.184835,9.735613,9.76454,6.738835,7.736456,7.189496,7.779251,9.284261,7.265663,9.115794,8.012681,11.09104,9.971542,12.530205,8.916497,8.399707,8.143597
0.288088799031034,0.26643111379523,0.267650378042776,0.298267909458705,0.446385147293726,0.271288592998798,0.489080745724741,8.730693,8.216508,11.927589,9.58824,9.97851,6.958256,7.652599,6.895431,7.693342,9.106399,7.586542,9.076981,7.976475,10.947966,9.612449,12.53165,9.289481,8.619154,8.172652
0.289324980437533,0.236136522795025,0.28611482977312,0.366395657655423,0.390101206919502,0.308218782865084,0.545342638880398,8.206382,8.342235,11.100847,9.691643,9.084057,6.747509,7.994869,6.936254,7.703585,9.224854,8.234089,8.853242,8.111334,10.909169,10.134991,12.70649,8.580713,8.552864,8.310239
0.270813215903037,0.235911881296258,0.263374544159665,0.307182433113219,0.362570037649216,0.276051588792067,0.479649261764603,8.221569,8.544042,11.306595,9.392098,9.524131,7.026508,7.412992,6.95215,7.867957,9.151357,6.810619,8.889385,8.151905,10.97434,10.040977,12.481205,8.817064,8.125498,8.010603
0.299447386329582,0.270252557051809,0.27297722556805,0.324282314832038,0.393483920612905,0.293414001464844,0.622085801578221,8.195974,7.91694,12.122803,9.878526,9.687321,7.158038,8.02364,7.499851,7.717379,9.149861,6.089381,9.56413,8.484243,10.978124,9.751597,12.563245,8.859193,8.695695,8.573302
0.32145841310935,0.30657326146176,0.231011112074569,0.318099195154045,0.414694215151057,0.245399991548978,0.627860430167866,8.968111,8.493722,11.032951,8.970234,10.226167,6.973632,7.503013,7.143275,7.392593,8.738491,11.512361,8.977194,7.800818,10.951705,10.300773,12.328885,8.606519,8.606287,8.098702
0.327767763864378,0.273500462582237,0.299797695270054,0.308576472852596,0.464204331631915,0.325693922776442,0.662230490038953,9.068716,8.643784,10.510447,8.904982,9.860902,6.987032,7.577133,7.107987,7.949073,8.541549,10.37806,9.782528,7.536728,10.870306,10.009514,12.418615,8.819513,8.417471,7.937146
